"ID","sd_smax","mean_smax","Q25_smax","Q75_smax","mean_op_water","mean_wetland","mean_lakes","mean_local_water","mean_global_water","mean_res_lake_area","areaBasin","mean_aq_factor","mean_texture","mean_slope","sd_altitude","mean_altitude","Q25_altitude","Q75_altitude","mean_sealedArea","mean_Forest","mean_permaglac","mean_Rg_max","ID.1","mean_temp","min_temp","max_temp","sum_prec","min_prec","max_prec","sum_sw","min_sw","max_sw","ID.2","WaterUse","ResArea","wmo_reg","sub_reg","river","station","country","lat","long","area","altitude","d_start","d_end","d_yrs","d_miss","m_start","m_end","m_yrs","m_miss","t_start","t_end","t_yrs","lta_discharge","r_volume_yr","r_height_yr","corIndex","corArea","corLong","corLat","corGCRC","cont","use","id","HB","koeppen","HB2","koeppen2"
1159131,14.507563683345,49.1059587050735,54,54,0.0343704386014525,0,0.0343704386014525,0.0229239741210377,0.0114464644804148,0,12671.9300842285,70,20,44.1211169680657,110.335760000501,1345.75783849475,1268.5,1419.75,0,0,0,450,1159131,15.7984307508854,8.29188516140322,22.9162848728321,231.937519263996,8.01528301627561,39.9917031568516,2960.67828628921,134.179868333456,356.880151520298,1159131,0.602757054077191,0,1,59,"SAK","WINDHOEK (27814013)","ZA",-31.366111,21.322222,13116,1093,1958,1998,41,7.410462638,NA,NA,NA,NA,1958,1998,41,"1.046","0.032986656","2.514993596",1023561,12671.9300842285,21.37436295,-31.37501975,365494,"af",TRUE,552,7,8,3,2
1159511,34.2589525684477,99.9561200578181,100,130,0.0283298341456848,0,0.0283298341456848,0,0.0283298341456848,0,8020.07537078857,71.0199214832646,22.1661242594176,43.4551816747768,105.085404876507,1443.00104936864,1354,1509.5,0.00151070382586942,0,0,417.549296778551,1159511,16.8276044138817,9.23007858681014,22.6349762617758,641.358395658202,4.35780765240277,104.522934474546,2784.76753492714,160.236158892269,294.649583869574,1159511,0.212099837139612,0,1,59,"VALSRIVIER","MOOIFONTEIN (27817603)","ZA",-27.399722,26.625556,7794,1259,1967,2010,44,1.282542113,NA,NA,NA,NA,1967,2010,44,"3.683","0.116147088","14.90211547",964247,8020.07537078857,26.54102755,-27.37502135,356997,"af",TRUE,361,7,6,3,2
1547300,4.52910813657838,119.487581069448,120,120,0,0,0,0,0,0,6567.0717010498,72.6931297054404,25,33.9096562929418,66.4832107830038,1406.69888821941,1351.75,1448.25,0,0,0,350,1547300,21.2547808948221,17.8505138146983,23.868475309115,1294.94671688223,0,277.558121840256,2893.2835549533,206.408832096138,278.038159219397,1547300,-0.000667573090569417,0,1,47,"LUKULU","KASAMA/LUWINGU ROAD BRIDGE (60773250)","ZM",-10.1833,30.9667,6418,-999,1970,2005,36,2.361229388,NA,NA,NA,NA,1970,2005,36,"66.729","2.104365744","327.884971",708241,6567.0717010498,30.95769245,-10.12502825,289763,"af",TRUE,215,5,15,5,3
1591440,22.0684910502903,124.868197200063,120,120,12.1772366623261,12.1772366623261,0,4.87599718772303,7.3012394746031,0,8654.88555145264,80,26.7253550843777,39.1289434337389,58.2518930769639,1219.88456079872,1173,1263.25,0,0,0,317.110844933552,1591440,21.3595930198178,16.4942535424697,24.408698362569,1194.2997638914,0,294.323964303556,2893.4118526185,215.443447750944,274.526309829239,1591440,0.0152537400796717,0,1,91,"LUSWISHI","KANGONDI (60334340)","ZM",-13.833333,27.366667,8849,-999,1971,2005,35,49.97202462,NA,NA,NA,NA,1971,2005,35,"19.406","0.611987616","69.15895762",763863,8654.88555145264,27.37436055,-13.87502675,304680,"af",TRUE,397,6,15,4,3
1634400,58.9187207300692,127.132713104365,120,183,0.0048966158866802,0,0.0048966158866802,0.0048966158866802,0,0,17167.0402297974,70,20,26.3341156329435,52.139049788952,469.857708476738,434.75,492,0,0,0,450,1634400,25.9234264877475,24.1176067771827,28.6288203953261,1454.13572453342,2.81126594740988,311.019373280088,2743.36160334596,193.910522836391,264.843108394581,1634400,0.210713380430865,0,1,34,"NIGER, RIVER","KOUROUSSA","GN",10.65,-9.8667,18000,-999,1923,2002,80,43.62054681,1923,2009,87,70.20250723,1923,2009,87,"200.566","6.325049376","351.391632",399739,17167.0402297974,-9.79229125,10.62496345,172072,"af",TRUE,628,4,4,4,1
1837255,40.3045884823915,45.9874839529492,13,95,0.536959006580405,0.289956935280353,0.247002071300053,0,0.536959006580405,0,7816.5139541626,66.4351646185136,17.8769833642759,43.8397050116391,167.791663408795,697.928149111303,570,808,0.000541126104584931,0,0,503.075415893103,1837255,24.8908668819364,21.7250049760518,28.4087715618869,1137.01431594935,0,279.300628321611,2867.47202446182,202.553996867022,265.934375532371,1837255,0.00878987093270993,0,1,37,"JAMAARE, RIVER","BUNGA","NG",10.930033,9.60565,7977,473,1964,1998,35,17.41720276,NA,NA,NA,NA,1964,1998,35,"56.962","1.796353632","225.1916299",395024,7816.5139541626,9.62436765,10.95829665,169243,"af",TRUE,341,3,4,3,1
2418700,27.6183216989485,28.941443913952,13,55,0,0,0,0,0,0,8093.29923248291,78.3750500847273,23.3867339342282,51.1082489420626,451.341044897551,1601.14410850153,1233,1948,0.00485242000948206,0,0,382.265321315437,2418700,11.8682570532225,-1.00366033575804,24.7302370501456,290.467564392898,1.00843045583281,61.6807736440762,2356.89501111824,95.6038129619642,293.067920963455,2418700,-2.11547896248527,0,2,18,"KASHAF RUD","OLANGASADI","IR",36.251667,59.645278,8186,914,1972,2013,42,39.53255426,1977,1983,7,15.06849315,1972,2013,42,"0.843","0.026584848","3.247599316",2365917,8093.29923248291,59.70823745,36.29151065,575824,"as",TRUE,366,3,6,3,2
2421400,18.8529489526314,16.0677051175794,13,13,0,0,0,0,0,0,5227.26024627686,64.4859460946257,20.1310985092983,65.9596824701042,593.634684018863,1999.47872300715,1616.75,2369.25,0,0,0.329091129733526,447.378029814035,2421400,10.3840858692491,-3.4740855269469,23.4857083412942,627.824501312641,15.6529769405624,97.6458684094506,2209.19879730999,85.9211728123547,284.311660258594,2421400,2.44605589332588,0,2,21,"SHAHRUD, RUDKHANEH-YE","LOOSHAN","IR",36.623056,49.513333,4882,334,1954,2016,63,6.460587326,1977,1983,7,0,1954,2016,63,"29.948","0.944440128","193.4535289",2348516,5227.26024627686,49.62490815,36.62484385,571791,"as",TRUE,46,2,23,2,4
2421800,40.9798743408286,39.050978375065,6.5,58.5,0,0,0,0,0,0,6858.8741607666,100,23.658475421632,55.5662648876006,558.654883990054,933.244966144032,343,1460,0.000396595096846975,6.93491627980196,0,376.83049156736,2421800,14.5831970055779,1.25076579301908,27.5519960846016,429.726500222267,14.0285598971417,68.4253730513678,2169.93349235772,90.4281108651653,268.046651019554,2421800,8.49444075884047,0,2,21,"GORGAN, RUDKHANEH-YE","GONBAD-KABUS","IR",37.258889,55.153333,5310,36,1955,2016,62,3.240719961,1965,1984,20,28.87029289,1955,2016,62,"7.136","0.225040896","42.38058305",2314023,6858.8741607666,55.20823925,37.29151025,564192,"as",TRUE,242,3,6,3,2
2427200,25.7281144365628,39.2062625877973,6.5,58.5,0.242857710117634,0,0.242857710117634,0.242857710117634,0,0,5819.42524719238,100,27.8236114633122,57.7273647325323,414.969174057442,1056.74821260046,794,1184.5,0.00154737627943106,0,0,293.527770733756,2427200,20.6129797483126,9.25048139579415,31.0452778330803,399.827761903239,0,106.851116711366,2699.71622111239,131.614036622765,314.857260823839,2427200,3.18138759691162,0,2,27,"DALAKI, RUDKHANEH-YE","SAREGHANAT","IR",29.468611,51.2775,5310,119,1961,2015,55,9.846372256,1977,1983,7,0,1961,2015,55,"11.906","0.375467616","70.7095322",2720057,5819.42524719238,51.37490745,29.45818005,654401,"as",TRUE,139,3,5,3,2
2427700,21.9545155875783,12.780299294017,1.3,13.4,0.119117429569806,0,0.119117429569806,0,0.119117429569806,0.00116651770498552,10211.3691940308,64.0902724128113,24.3658294746513,52.672825226343,452.76361967507,791.713033336448,498.5,980.5,0,0,0,362.683410506973,2427700,22.5924392110065,12.5496945020846,31.167968203495,207.912298613242,1.26179826375768,52.1983365199442,2731.29188788518,142.096270441112,292.349852286746,2427700,2.35256175191122,0.156688096336318,2,27,"MINAB, RUDKHANEH-YE","BERANTIN","IR",27.2725,57.191389,10200,130,1962,2016,55,2.418496172,1965,1984,20,27.19665272,1962,2016,55,"7.658","0.241502688","23.67673412",2836766,10211.3691940308,57.12490515,27.20818095,681856,"as",TRUE,475,3,7,3,2
2428800,16.9341608701407,11.1109364931776,1.3,10.5,0,0,0,0,0,0.000535060341747995,8366.85459136963,57.5744319436583,23.3041700563328,55.2417567347754,397.616477090582,2259.21112241254,2019,2472.25,0.000178350656110582,0,0,383.916598873344,2428800,14.5700849854625,3.55266464391644,24.7732138512911,258.59220318225,1.87648247504595,59.5377909449659,2746.18284806983,142.349361388656,298.711212872182,2428800,0.136446697773636,0.0597596139074471,2,28,"HALIL RUD","HOSSEIN ABAD JIROFT","IR",28.786389,57.548611,8420,930,1963,2016,54,7.742469724,1980,1984,5,0,1963,2016,54,"9.502","0.299655072","35.58848836",2754690,8366.85459136963,57.45823835,28.79151365,662673,"as",TRUE,385,3,6,3,2
3618130,49.8192459292317,311.472398248325,320,320,0,0,0,0,0,0,12308.7721176147,81.874642848206,22.638827435024,16.6458189416548,14.4508635473787,103.784612475172,94.75,113,0,100,0,397.570685766261,3618130,25.8440120105048,24.7229166921963,26.3851412881215,3370.13648609574,214.694318069622,384.749831193034,2229.26388476168,164.986115076697,207.083342470977,3618130,4.02413461153119e-05,0,3,18,"CURICURIARI, RIO","JUSTANTE DA CACHOEIRA DO CAJU","BR",-0.2461,-67.0092,10228,-999,1982,2010,29,0,NA,NA,NA,NA,1982,2010,29,"951.428","30.00423341","2933.538659",210689,12308.7721176147,-67.12529895,-0.291688949999996,37325,"sa",TRUE,546,5,1,5,1
3627451,121.482689680961,252.716752334865,184.125,320,0,0,0,0,0,0,5178.49549102783,89.6692829101453,19.6751517664098,25.6610156683444,104.74367999144,399.223540568962,318.25,491.5,0,74.1926458580732,0,482.309085255779,3627451,25.5753202765241,23.6494930115076,27.332917146511,2025.93302049925,9.49911799569978,355.126222306937,2412.27532885426,186.823142821177,219.887788725524,3627451,0.0498499313522658,0,3,27,"COMEMORACAO, RIO","FAZENDA FLOR DO CAMPO","BR",-11.7489,-60.8678,4360,185,1982,2006,25,0.492826635,NA,NA,NA,NA,1982,2006,25,"132.377","4.174641072","957.4864844",397893,5178.49549102783,-60.79196815,-11.79168435,106509,"sa",TRUE,39,5,4,5,1
3627813,54.3103373466707,148.710620763848,120,135,17.1181292052077,16.5317922326493,0.586336972558417,0.194256081599879,16.9238731236079,0.00120335436038344,26678.714302063,71.2334015714167,29.0532243434662,25.5105686615311,133.315616405474,315.859628411632,224,340.25,0,11.055357720091,0,264.722818066645,3627813,25.4390031103831,22.2022321980168,27.4363366068103,1352.08825463708,14.05701223246,248.439110610505,2462.82399714188,178.254951992422,223.15260933402,3627813,0.0331211784383284,0,3,27,"GUAPORE, RIO","MATO GROSSO","BR",-15.0092,-59.9581,22500,200,1976,2007,32,5.301121057,NA,NA,NA,NA,1976,2007,32,"125.434","3.955686624","175.8082944",449431,26678.714302063,-59.95863515,-14.95834975,123836,"sa",TRUE,699,5,4,5,1
3628401,16,319.549877482031,320,320,12.322958226984,0.337707901514453,11.9852503254696,0,12.322958226984,0.0532401741917566,19228.2121429443,70.9502566190791,30,14.0843864924795,48.1952036900993,107.599513218733,68,147,0,99.8124489508461,0,250,3628401,27.0005870273999,26.5444274842744,28.0105608008338,2219.95641796811,86.8230453891171,322.19984012873,2356.64039573652,171.999709104173,221.991070640954,3628401,0.000369089837241498,11.9823932816626,3,28,"UATUMA, RIO","BALBINA P-8 (UHE BALBINA)","BR",-1.9381,-59.4833,19126,-999,1977,1996,20,17.41176471,NA,NA,NA,NA,1977,1996,20,"490.23","15.45989328","808.3181679",237901,19228.2121429443,-59.45863535,-1.95835495,45877,"sa",TRUE,648,5,1,5,1
3629700,79.6763640069403,117.723395406896,80,120,0.0143150045655396,0,0.0143150045655396,0.0143150045655396,0,0,5815.40139770508,82.145556001079,30,21.8567022901607,34.4677843405969,454.939822416642,426.25,479.75,0,12.8611204074627,0,250,3629700,25.8930092336938,23.9884221559999,27.1242570862658,1792.87989673811,4.68568623993044,329.440119760133,2549.4460961969,202.184941619127,229.314550760068,3629700,0.241942604662617,0,3,29,"AGUA VERDE, RIO","LUCAS DO RIO VERDE","BR",-13.0511,-55.8903,5635,373,1973,2007,35,19.08099068,1978,1994,17,43.1372549,1973,2007,35,"122.982","3.878360352","688.2627067",419648,5815.40139770508,-55.87530345,-13.12501715,114055,"sa",TRUE,138,5,4,5,1
3629900,109.31243073227,222.302633578571,120,320,0,0,0,0,0,0,24661.8931655884,95.0519281464668,30,22.6580273204976,96.524637210608,386.335766190281,313.75,448.25,0,55.1261499168333,0,250,3629900,25.7768124494729,23.7962686111563,27.5306594297926,1954.4887684894,8.61333857179858,348.581035759487,2486.55381932339,193.497360000422,226.762895280416,3629900,0.0376952728252574,0,3,29,"SANGUE, RIO DO","FAZENDA TOMBADOR","BR",-11.7644,-58.0364,24700,256,1984,2007,24,8.609191221,1984,1995,12,0,1984,2007,24,"522.754","16.48557014","667.4319896",396570,24661.8931655884,-58.04196925,-11.70835105,106063,"sa",TRUE,685,5,4,5,1
3649322,17.0704982220127,106.049794895127,85.5,120,16.186766072605,16.186766072605,0,0,16.186766072605,0,16817.3973693848,95.7137764975634,15.777632255358,34.7034440934346,146.888089901033,476.257443201523,343.75,583.25,0,0,0,555.559193616051,3649322,26.0778762087507,25.1891336873552,27.6569594867283,1369.30610140461,0.68541039611746,257.783636039765,2683.68657759105,202.74784787519,258.391937123545,3649322,-0.00146081240479446,0,3,49,"SONO, RIO DO","JATOBA (FAZENDA BOA NOVA)","BR",-9.9953,-47.4725,13855,200,1973,2007,35,2.393406245,NA,NA,NA,NA,1973,2007,35,"319.264","10.0683095","726.6914113",369578,16817.3973693848,-47.37530685,-10.04168505,96339,"sa",TRUE,624,5,4,5,1
3649614,21.9350265972333,99.1304115281288,80,120,0.00467304028760201,0,0.00467304028760201,0.00467304028760201,0,0,17644.6374282837,79.8127572528692,26.9667021733212,29.4892958262147,83.5580383210756,615.434596635245,567,664.75,0,0,0,318.132652874103,3649614,25.2569783308925,23.1033453201461,26.218031885663,1756.81410894133,8.17714477498036,324.679879236219,2526.34641458222,199.23111690495,225.46876132927,3649614,0.174647497075287,0,3,49,"MORTES, RIO DAS","TORIQUEJE","BR",-15.2486,-53.0553,17160,339,1967,2007,41,6.911875299,1968,1986,19,3.947368421,1967,2007,41,"360.014","11.3534015","661.6201343",453581,17644.6374282837,-53.12530455,-15.20834965,125232,"sa",TRUE,634,5,4,5,1
3649630,27.5798261145831,145.96780526393,112,168,53.665237563339,53.6547170797795,0.010520483559442,0.010520483559442,53.6547170797795,0,7879.48607635498,94.111349107428,30,13.1721769429813,14.1209540678027,237.85347678291,226,249,0,0,0,250,3649630,27.0768468743272,25.5154950317449,28.3651199043699,1508.71715641542,2.83067745970166,303.556088704812,2631.09065627345,201.650865596401,238.824292265366,3649630,0.0303340072142699,0,3,49,"CRISTALINO, RIO","JUSANTE BARRA DO FORQUILHA","BR",-12.8836,-50.8322,8039,112,1984,2007,24,15.60574949,NA,NA,NA,NA,1984,2007,24,"191.206","6.029872416","750.0774246",416997,7879.48607635498,-50.79197215,-12.95835055,113201,"sa",TRUE,350,5,4,5,1
3650150,95.5494903528483,249.123944871727,120,320,1.2174061316569,0.54424484126396,0.673161290392937,0.250085516227147,0.96732061542975,0,33091.616859436,99.2954946619296,24.2767510835378,16.9998920443852,71.1201420771446,146.470910433174,90,186.5,0,64.5619724358635,0,364.464978329244,3650150,27.1018215684938,26.5407691896794,27.7440984299869,1980.9807355304,27.0348246041614,404.410033581979,2512.39095364272,195.826555348857,228.091591843126,3650150,0.019362766919161,0,3,50,"CAPIM, RIO","BADAJOS","BR",-2.51278,-47.76806,38178,-999,1971,2010,40,8.481675393,1971,1999,29,8.163265306,1971,2010,40,"578.948","18.25770413","478.2257878",246177,33091.616859436,-47.79197335,-2.45835475,48658,"sa",TRUE,712,5,4,5,1
3650205,94.5379915726188,186.735913850826,120,320,0,0,0,0,0,0,14322.146270752,100,26.0117533100948,26.7913624566782,67.1509658148413,199.594680369978,146.75,244,0,33.3501267969835,0,329.764933798105,3650205,26.7683874571114,26.264721428523,27.4549189096813,1662.45219042133,13.5686683364411,376.312502019862,2497.75557776184,196.144036036421,225.707113906681,3650205,0.0269033959317076,0,3,50,"GURUPI, RIO","FAZENDA RURAL ZEBU","BR",-3.3411,-46.8769,14240,-999,1980,2010,31,26.58040665,1981,1985,5,9.259259259,1980,2010,31,"106.564","3.360602304","235.9973528",261103,14322.146270752,-46.95864035,-3.37502105,53892,"sa",TRUE,585,6,4,4,1
3650280,16.0937061315652,109.831796812934,85.5,120,0,0,0,0,0,0,5191.94797515869,100,18.0341297301462,22.9196233512979,36.1755736809735,267.374383774925,241,291,0,0,0,502.426616358789,3650280,26.4651387280323,25.8805756888597,27.4316573218113,1444.51374280282,7.8357502932633,278.550388559685,2538.09009536038,195.802988404416,237.949352631232,3650280,0.0262827690584543,0,3,50,"PINDARE, RIO","VALE DO PINDARE","BR",-4.69583,-46.93333,5600,140,1981,2007,27,3.559476726,1981,1992,12,6.106870229,1981,2007,27,"17.466","0.550807776","98.35853143",284155,5191.94797515869,-46.95864035,-4.79168715,62653,"sa",TRUE,40,6,4,4,1
3650310,99.8950334412949,215.240318609321,120,320,1.86072940181754,1.74804478202622,0.112684619791317,0.112684619791317,1.74804478202622,0,6047.44824981689,100,22.8386503392691,28.8023221658484,72.5315556110314,250.103264822542,200,299.5,0,47.2793010730962,0,393.226993214618,3650310,26.6901069530416,26.01294609819,27.6434500026208,1650.5854070919,12.5791163950604,321.713553872061,2516.19028546981,196.746593460068,231.941571564288,3650310,0.00536466063358969,0,3,50,"ZUTIUA, RIO","ESPERANTINA","BR",-4.03222,-45.77667,6800,50,1972,2007,36,2.243516617,1978,1980,3,0,1972,2007,36,"19.248","0.607004928","89.26543059",273321,6047.44824981689,-45.79197415,-4.12502075,58484,"sa",TRUE,162,6,4,4,1
3650350,14.0077877042705,114.938260371795,120,120,27.7084873546979,27.7084873546979,0,0,27.7084873546979,0,7047.08013916016,100,18.5328290932739,34.6629015034996,79.1404250448886,385.835408438645,328,426.5,0,0,0,486.679272668151,3650350,26.7606052557053,25.9929322263225,28.4476312436352,1189.36836367798,5.38524035959284,207.026964261261,2608.81732595939,194.252718460827,259.108465002461,3650350,0.0193542132698348,0,3,50,"ITAPECURU, RIO","MIRADOR","BR",-6.3692,-44.3561,6800,140,1968,2007,40,6.550006917,1968,1989,22,4.4,1968,2007,40,"18.422","0.580956192","85.43473412",309950,7047.08013916016,-44.37530805,-6.37501985,73076,"sa",TRUE,270,6,4,4,1
3650415,10.0817820180976,117.558106153806,120,123,19.4715621022262,19.4715621022262,0,0,19.4715621022262,0,9129.44966888428,80,19.8852541347992,29.721773903183,63.769565984595,459.281050310419,410.5,509.5,0,0,0,452.868646630021,3650415,26.1965744681533,25.4631335053285,27.8628485282345,1313.06004182329,3.28830548969773,226.909324355439,2623.01378805202,191.220327041685,265.093015837914,3650415,0.0940649227397535,0,3,50,"BALSAS, RIO DAS","BALSAS","BR",-7.5344,-46.0358,8800,235,1965,2007,43,1.984256067,1965,1993,29,0.59347181,1965,2007,43,"99.681","3.143540016","357.2204564",330269,9129.44966888428,-46.12530735,-7.62501935,81176,"sa",TRUE,426,6,4,4,1
3650925,21.3644634977443,118.075895587064,89,133.5,0.0327850457065117,0,0.0327850457065117,0.0163874972599325,0.0163975484465793,0,5163.84510803223,54.9157952574192,30,35.9992143571144,158.360020759229,437.644381407497,352,535,0.000492120510159943,0,0,250,3650925,24.4790531497964,22.2089713187417,25.8522297808945,839.488147473162,11.5901197180988,137.803566918666,2706.93640427605,173.443271697983,261.851989511319,3650925,0.427915032852086,0,3,50,"CAPIBARIBE, RIO","LIMOEIRO","BR",-7.8789,-35.4519,5360,138,1956,2008,53,18.53287922,1956,1982,27,1.644736842,1956,2008,53,"5.886","0.185620896","34.63076418",334466,5163.84510803223,-35.37531165,-7.87501925,82916,"sa",TRUE,34,6,3,4,1
3651530,18.8377104510703,105.478284286219,85.5,123,0.841055923037292,0.841055923037292,0,0,0.841055923037292,0,5712.37870788574,87.0868772371656,18.210994594964,29.75366943204,91.6223856466156,724.234041668974,647,798,0,0,0,508.410126117507,3651530,24.2981309197273,22.104332542755,25.9830275740707,1023.79852076141,1.75265328462886,240.979273857261,2743.59787542367,211.871356253021,255.423844759797,3651530,-0.052536029890246,0,3,51,"CARINHANHA, RIO","SAO GONCALO","BR",-14.3136,-44.4594,6030,449,1946,2010,65,3.221252567,1946,1977,32,3.693931398,1946,2010,65,"67.496","2.128553856","352.994006",438768,5712.37870788574,-44.54197465,-14.29168335,120476,"sa",TRUE,125,6,4,4,1
3651550,14.276006018004,92.0300165972375,85.5,85.5,0,0,0,0,0,0,9534.33588409424,96.0827742716141,12.6117734800407,24.057188089109,87.5140062888225,761.602328114226,689,836.5,0,0,0,639.058618799051,3651550,24.2654326564118,22.1930125113669,25.9569230113736,1007.85602310112,1.4427552649924,225.537222036046,2742.08702074592,213.420003385927,256.004436587891,3651550,-0.0228892445334031,0,3,51,"FORMOSO, RIO","COLONIA DO FORMOSO","BR",-13.56,-44.28556,9550,441,1977,2010,34,0.423970648,1977,1985,9,0,1977,2010,34,"81.24","2.56198464","268.2706429",427922,9534.33588409424,-44.37530805,-13.62501695,116890,"sa",TRUE,451,6,4,4,1
3651660,14.2063868936274,82.3955538855254,85.5,85.5,12.2656820700385,12.2656820700385,0,0,12.2656820700385,0,5346.49229431152,100,10.0881657073497,26.5469931510356,58.1221944194039,773.526947852302,734.75,820.25,0,0,0,697.942800161841,3651660,24.6165810330361,23.1921649631504,26.281552460319,1560.29271697162,1,278.778154131024,2759.21500696775,216.093511816263,253.530975995765,3651660,-0.0602653802404515,0,3,51,"ONDAS, RIO DAS","FAZENDA REDENCAO","BR",-12.13583,-45.10333,5410,474,1977,2010,34,3.31838565,1977,1985,9,0,1977,2010,34,"48.935","1.54321416","285.2521553",404861,5346.49229431152,-45.12530775,-12.20835085,109076,"sa",TRUE,59,6,4,4,1
3652050,27.7261581235574,114.371454177821,85.5,133.5,0.113513853248198,0,0.113513853248198,0,0.113513853248198,0.000569036395830362,16321.4464874268,75.1801533400179,21.6384223021498,28.2897062925382,132.177679958112,391.215067450907,288.25,489,0,0,0,438.13549820163,3652050,24.9999165558689,22.3902706092031,26.8986117355995,641.561237746917,18.9771913717209,96.8579063472112,2648.86371380023,169.190139494547,256.570084808079,3652050,0.224004048449369,0.110284342836073,3,52,"VASA BARRIS, RIO","FAZENDA BELEM","BR",-10.94306,-37.34694,15740,19,1971,2010,40,0.45554942,1971,1985,15,2.298850575,1971,2010,40,"10.739","0.338665104","21.51620737",383257,16321.4464874268,-37.45864415,-10.87501805,101459,"sa",TRUE,618,6,5,4,2
3652110,71.266048876659,114.177168993323,122.25,123,0.0267835677687921,0,0.0267835677687921,0.0267835677687921,0,0,9350.98682403564,51.4243523617099,24.5552860106786,37.9262039781429,223.231643803845,842.031809660217,671.25,1010,0,5.35793924318167,0,358.894279786428,3652110,22.6797777502215,20.2432905285568,24.1544246932804,933.83667453079,20.7523241572513,156.842477132865,2767.94975574093,195.043017385486,256.346978110342,3652110,0.194901971681893,0,3,52,"SANTO ANTONIO, RIO","FERTEM","BR",-12.75722,-41.32889,9282,320,1947,2010,64,5.186204524,1947,1993,47,8.876811594,1947,2010,64,"32.366","1.020694176","109.9648972",413043,9350.98682403564,-41.29197595,-12.70835065,111930,"sa",TRUE,439,6,5,4,2
3652210,44.7914031722232,96.6394413158453,94.875,123,0,0,0,0,0,0,7601.4691619873,50,24.7277011976655,37.237376066951,124.710566010765,710.976926430336,636.25,792.5,0,0,0,355.445976046689,3652210,23.37109671472,20.8313607500636,24.8126536354367,953.218887246542,4.96722978032777,196.123621647156,2728.96367795381,186.847762722942,261.989882326949,3652210,0.295287803141929,0,3,52,"GAVIAO, RIO","ANAGE","BR",-14.6125,-41.13806,6980,358,1968,2010,43,9.009240246,1968,1980,13,58.33333333,1968,2010,43,"7.86","0.24787296","35.51188539",445588,7601.4691619873,-41.20864265,-14.70834985,122740,"sa",TRUE,321,6,5,4,2
3662300,20.3228123939643,94.7968596758173,85.5,120,0,0,0,0,0,0,14507.0312347412,82.3518029906529,17.4205644976386,27.4412853216396,60.1224844144992,430.494282106912,383.25,472.5,0.0033675341326369,0,0,527.957486086477,3662300,23.9328480309534,20.5187827045451,26.1814217415413,1499.63441557043,32.5821268610719,239.074559534576,2537.28299833485,158.567204779899,249.026519688315,3662300,0.112898353473975,0,3,62,"ANHANDUI, RIO","DELFINO COSTA","BR",-21.6144,-53.0511,13590,323,1976,2005,30,5.073918598,1976,1985,10,6.25,1976,2005,30,"161.781","5.101925616","375.4176318",557993,14507.0312347412,-53.12530455,-21.62501375,154637,"sa",TRUE,590,6,4,4,1
3667100,10.9269147263895,120.371822814484,123,135,56.5420782859439,56.5420782859439,0,0,56.5420782859439,0,17493.0632476807,83.5975691083306,21.0114806259983,28.4973971289207,111.151967014948,203.491980884185,127,254,0,0,0,434.292552168955,3667100,25.7475141328444,22.4740891664417,27.6286209908297,1414.5003098383,23.4081802486732,235.351119265552,2588.18536102724,171.537394933645,246.748512060392,3667100,0.0458964859692623,0,3,67,"NEGRO, RIO","FAZENDA RIO NEGRO","BR",-19.56667,-56.2,14770,101,1968,1986,19,4.207492795,1968,1978,11,0,1968,1986,19,"177.247","5.589661392","378.446946",525413,17493.0632476807,-56.12530335,-19.62501455,146016,"sa",TRUE,632,6,4,4,1
3667400,28.0457580152791,132.835822051846,120,135,10.2607980075029,10.2607980075029,0,0,10.2607980075029,0,11087.2659378052,71.4353698915039,24.6547889567811,40.131745581263,106.775180195859,277.231625222417,198.25,331.75,0.000436932231742283,0,0,356.904220864378,3667400,24.2473344208178,19.4490176381776,27.5203189799491,1554.9899019207,51.8976927694716,204.182372120678,2514.24527302514,142.012076406721,263.930893104575,3667400,0.0950408650572919,0,3,67,"APA, RIO","SAO CARLOS","BR",-22.2236,-57.3039,11100,109.7,1971,2006,36,7.188832881,1971,1978,8,0,1971,2006,36,"76.984","2.427767424","218.7177859",567434,11087.2659378052,-57.37530285,-22.20834685,157043,"sa",TRUE,506,6,2,4,1
4113600,231.231574913794,268.308363614397,202,202,42.5722898563518,37.7559719161331,4.81631794021877,38.3282895365686,4.24400031978326,0.0415996265148468,5618.70623397827,50.3749155253523,17.9633193928565,25.7089315178563,23.9756784680949,415.377672172119,398.25,430,0.000697446961963382,100,0,488.308843878593,4113600,3.92434371211809,-13.2294418737811,18.7508018763184,770.20794922812,23.0977044500964,109.642104375999,1773.24013512129,48.2881057698098,239.165011899602,4113600,0.00563731558710642,1.21024301980375,4,13,"LITTLE FORK RIVER","LITTLEFORK, MINN.","US",48.3958,-93.5493,4351.2,330.28,1909,2018,110,10.74872874,1909,2002,94,12.60053619,1909,2018,110,"29.923","0.943651728","216.8716051",637490,5618.70623397827,-93.45837095,48.29139815,290015,"na",TRUE,109,1,19,1,4
4118110,24.2761031397887,95.0969461424266,93,110,4.34573557203196,3.88469318267388,0.461042389358085,4.20789494192707,0.137840630104894,0.00130040498518659,6814.17209625244,50,20,52.3777111681254,488.871480952173,2047.40546381178,1584.5,2404.5,0,1.02693813724429,0.656933938295259,450,4118110,8.19306296157345,-0.641858451311324,19.7701664437909,340.715150956114,8.26140772556782,55.2136383918321,2566.59086737514,91.6516763169707,334.502622410496,4118110,7.41033870418497,0.132077673895992,4,18,"WALKER RIVER","NEAR WABUSKA, NV","US",39.1527,-119.0982,6734,1304.54,1902,2019,118,16.18135078,NA,NA,NA,NA,1902,2019,118,"4.678","0.147525408","21.907545",804273,6814.17209625244,-119.04169405,39.12473515,362088,"na",TRUE,237,3,13,3,3
4121161,6.34754559354621,125.423925149179,117,130,0.21761412219187,0.160739446139076,0.0568746760527938,0.184407820441722,0.0332063017501479,3.5818725756386e-05,13197.7210922241,100,21.0871683476356,32.3212352098282,161.3239991767,958.989099799127,835,1046.25,0.000427362417427423,0,0,428.256633047288,4121161,8.8016120782114,-3.98857591361362,23.1910162681177,583.518767645526,17.6907693926542,87.2455871007587,2083.80853856161,68.1381793772484,278.164226464421,4121161,0.12064489679335,0.00757706571469512,4,21,"WHITE RIVER","NEAR KADOKA, SD","US",43.7525,-101.5249,12950,646.84,1942,2018,77,0,NA,NA,NA,NA,1942,2018,77,"7.917","0.249670512","19.27957622",719420,13197.7210922241,-101.45836775,43.79139995,328025,"na",TRUE,566,2,6,2,2
4121401,16.5091398842191,112.421502723475,94,130,9.97447932143589,9.48931531492268,0.485164006513212,9.91502833073654,0.0594509906993524,0.000152777976100805,22234.0649528503,99.5294187865657,15.5226116679333,28.9099359416285,199.32043332372,1170.88349509142,1017,1320,0.0013007394069075,0,0,561.934708301667,4121401,8.49580667289997,-4.02881993080295,22.7647854878575,560.205546914158,14.0434789213542,86.7277637661438,2134.49573696138,70.7457119257682,284.248424529528,4121401,-0.324721298865545,0.0539712374927718,4,21,"NIOBRARA RIVER","NEAR SPARKS, NEBR.","US",42.9028,-100.3615,18518.5,697.25,1945,2019,75,0,NA,NA,NA,NA,1945,2019,75,"22.002","0.693855072","37.46821136",736141,22234.0649528503,-100.45836815,42.87473365,334801,"na",TRUE,673,2,6,2,2
4126351,0,130,130,130,1.08123416095117,0,1.08123416095117,0.0135101705500174,1.06772399040116,0.0259502347631692,5258.24617004395,70,19.808604199355,30.5958526443281,78.8729112862262,482.921730177106,421.25,538,0.000410531249078471,0,0,450,4126351,17.1740016617791,5.2553316690908,28.9119123839824,719.793594551708,31.0806824907217,102.985468200073,2464.81764616711,112.041057336,288.554057772811,4126351,-0.20995678610195,0.646603428224735,4,26,"WICHITA RIVER","NEAR MABELLE, TX","US",33.7601,-99.1428,5402.7,323.92,1959,2019,61,0,NA,NA,NA,NA,1959,2019,61,"3.796","0.119710656","22.15756122",901729,5258.24617004395,-99.04170205,33.79140395,397488,"na",TRUE,50,2,9,2,3
4126850,19.4729498806229,114.083432142449,90,130,7.28634535915696,7.28634535915696,0,7.28634535915696,0,0,8065.77533721924,77.3695234632378,20,31.7098653529012,153.496545781452,733.481336767123,599.75,859.75,0.00110204309430064,0,0,450,4126850,16.2369328198888,4.57119312873201,27.8090984578134,647.452426382226,25.3617955335215,99.1018318562588,2491.71026604632,111.353780027844,292.778252944941,4126850,-2.31019951009263,0,4,26,"PEASE RIVER","NEAR CHILDRESS, TX","US",34.2276,-100.0737,7132.9,455.06,1959,2011,53,9.649308123,1959,2000,42,12.24489796,1959,2011,53,"1.696","0.053485056","7.498360555",894121,8065.77533721924,-100.12503495,34.20807045,394992,"na",TRUE,365,2,6,2,2
4132200,319.000721663708,358.021801527851,202,202,47.1434676701108,44.8783524897074,2.26511518040342,46.1972436403236,0.946224029787179,0.00372955024190198,9517.87811279297,62.1021297410023,17.7368883530714,24.5536769018413,51.7066869503869,443.809648253635,402.75,477,0.0010904383919951,95.3783115524691,0,506.577791173215,4132200,4.39440533371846,-12.0204711623951,18.7947067569069,865.997113871622,32.7092592365031,112.840969671911,1800.65767965546,49.8357116235338,244.117238616867,4132200,0.0129126504018312,0.609379520442085,4,32,"SAINT LOUIS RIVER","SCANLON, MN","US",46.7033,-92.4188,8883.7,335.66,1908,2018,111,0,NA,NA,NA,NA,1908,2018,111,"67.975","2.1436596","241.3025654",664844,9517.87811279297,-92.45837135,46.79139875,302896,"na",TRUE,450,2,19,2,4
4148535,23.2470504265671,179.715723293475,169.5,169.5,2.70836988004825,0.0503135486706183,2.65805633137764,0.109851663502817,2.59851821654544,0.0313099975793039,7052.83151245117,76.2611537937842,19.0115700281686,33.4812185489276,87.9074444394716,212.955847392463,153.75,251,0.0277313551549613,19.1029327410422,0,455.166359188048,4148535,16.3889918598903,5.78766350799663,26.5152905170736,1278.9881098925,85.6917825169891,127.374268399524,2183.27632822213,100.110120385137,247.324223788838,4148535,0.445962858036426,3.1193145563113,4,48,"SALUDA RIVER","NEAR COLUMBIA, SC","US",34.014,-81.0879,6526.8,45.56,1925,2019,95,0.005832604,NA,NA,NA,NA,1925,2019,95,"75.627","2.384973072","365.4123111",897386,7052.83151245117,-81.20837585,34.04140385,396227,"na",TRUE,272,4,9,4,3
4148955,120.35974768074,167.193411414669,102,153,40.7052874243517,31.3161666782285,9.38912074612317,34.4929687927534,6.2123186315983,0.0317677573951795,7408.0913772583,100,10.5773689493308,13.0969040104232,8.16088488331303,22.3239070968182,17.25,25.75,0.00350973210035446,1.11467747968405,0,667.050102898681,4148955,22.8652187668022,16.5010846392787,27.9641184619211,1387.3424804392,53.3592171026942,210.920243484921,2366.21238313976,131.977216545374,260.823052724852,4148955,-0.91064751840491,3.11821207698834,4,48,"KISSIMMEE RIVER","S-65E NEAR OKEECHOBEE, FLA","US",27.2259,-80.9626,7475,-999,1928,2004,77,2.633380165,NA,NA,NA,NA,1928,2004,77,"50.089","1.579606704","211.3186226",1023467,7408.0913772583,-80.87504265,27.12473995,425896,"na",TRUE,304,4,9,4,3
4150462,6.93232593413948,116.828856648044,116,116,0,0,0,0,0,0,5164.9010848999,100,30,33.1556782701147,32.3279936253806,670.87752812012,649.25,694,0.000571257389372222,0,0,250,4150462,18.9048227202632,8.89905935877898,27.6750743283513,652.006696702634,29.7435248505845,87.1438435541494,2478.52847288067,123.571221604602,280.183998727632,4150462,0.0714832734636182,0,4,50,"LLANO RIVER","NEAR JUNCTION, TX","US",30.5044,-99.7345,4804.5,498.75,1915,2019,105,4.227170905,NA,NA,NA,NA,1915,2019,105,"5.456","0.172060416","35.81234593",962481,5164.9010848999,-99.70836845,30.45807195,414861,"na",TRUE,35,2,9,2,3
4150465,8.04902541221013,115.922161683374,116,116,0.346342257557722,0.196998658999068,0.149343598558654,0.29967233526123,0.046669922296492,0.000357185544979001,7839.60990905762,81.3058024464189,29.4371954431129,32.1674032788663,86.3926419961643,593.110768253541,525.5,673,0.00146507066924776,0,0,261.256091137742,4150465,18.4676362202232,8.04222038696093,27.8528772541007,671.555241092835,30.7931357296436,92.0975077196722,2476.44739440147,120.919374948269,283.345845814234,4150465,0.161785437309542,0.0382672101648056,4,50,"SAN SABA RIVER","SAN SABA, TX","US",31.2132,-98.7195,7889.1,354.23,1915,2019,105,3.848788198,NA,NA,NA,NA,1915,2019,105,"5.837","0.184075632","23.33290642",948821,7839.60990905762,-98.79170215,31.20807165,411273,"na",TRUE,346,2,9,2,3
4150509,16.4805491489113,99.4689128455789,90,90,13.2051011320489,13.1417520523028,0.0633490797460391,13.1789295200095,0.0261716120393247,7.80319227757544e-05,19165.4983596802,96.2531699387473,19.3159589586492,25.928905289798,217.726800706482,971.781750275817,787,1142,0.00635270069041221,0,0,467.10102603377,4150509,16.175537931393,5.08546426582235,27.0435272932219,580.119121931027,21.773759690244,83.110804547952,2570.19979542242,117.451790305244,297.860909340126,4150509,-6.09800570260646,0.0208708374023557,4,50,"DOUBLE MOUNTAIN FORK BRAZOS RIVER","NEAR ASPERMONT,TX","US",33.0082,-100.1806,22781.6,495.24,1924,2019,96,4.967788117,NA,NA,NA,NA,1924,2019,96,"3.768","0.118827648","5.215948309",915387,19165.4983596802,-100.12503495,33.04140425,401675,"na",TRUE,647,2,6,2,2
4203330,68.9852015354083,90.5662180002679,52.875,192,6.67012375680161,0,6.67012375680161,0.165083837087163,6.50503991971445,0,6178.36735153198,52.1750920369333,12.3524654152095,54.9711350494179,488.791575927804,1557.27475775147,1184.75,1791,0,0,66.3596552528085,472.289930043567,4203330,-5.75504011991755,-20.666080261925,9.1664687508606,413.988393373392,14.3656193273663,60.7073205382522,1408.35892838561,8.32420320752004,242.175583580067,4203330,-0.00136789504470797,0,4,3,"KLUANE RIVER","OUTLET OF KLUANE LAKE","CA",61.426945,-139.04889,4950,-999,1952,1995,44,0.641840366,1952,1993,42,1.014198783,1952,1995,44,"76.205","2.40320088","485.4951273",398461,6178.36735153198,-138.95835275,61.37472625,158915,"na",TRUE,181,1,31,1,5
4208335,70.2383224071087,225.160804767651,183,244,76.057902605172,69.1127918502452,6.94511075492673,70.6811422040334,5.37676040113857,0.0245792835496242,9177.38257217407,95.3304993034862,28.1756091465781,23.8192727403728,130.706177891664,480.284920950296,382,594,0,75.7463183971036,30,279.587818165742,4208335,-2.85224870209512,-22.3166282376179,15.666940591055,440.603757763184,18.7422834847715,69.4366533149002,1441.60616910128,8.21511292477425,247.441958961839,4208335,8.01250199173495e-05,0,4,8,"TROUT RIVER","HIGHWAY NO. 1","CA",61.139721,-119.83583,9270,-999,1969,2017,49,0,1969,1993,25,0,1969,2017,49,"40.527","1.278059472","137.8704932",401728,9177.38257217407,-119.87502705,61.20805965,160979,"na",TRUE,427,1,20,1,4
4208350,239.343393075973,459.194034725858,240,720,44.1917950081051,21.416640662197,22.7751543459081,28.1069539682264,16.0848410398787,0.0443516648895821,13955.8226776123,75.7280989697305,23.0737482466386,18.2004054558649,100.820468623609,328.523495382526,271,367,0,0,70,357.705007013446,4208350,-6.04810082796383,-26.6532236094258,14.8552264384906,330.28053958988,10.1624452999055,53.4766590110803,1374.48679638244,2.71421173491996,261.573148377334,4208350,6.86708515395726e-05,0,4,8,"LA MARTRE RIVER","BELOW OUTLET OF LAC LA MARTRE","CA",63.108055,-116.97389,13900,-999,1975,2017,43,1.366975407,1975,1993,19,3.539823009,1975,2017,43,"35.135","1.10801736","79.71347914",366825,13955.8226776123,-117.04169485,63.12472555,138940,"na",TRUE,580,1,24,1,4
4208427,48.9252179882154,91.5160663755224,46.5,139.5,6.56319499533872,0.469905856850811,6.09328913848791,6.45652747060307,0.106667524735659,0,10806.9064064026,50,9.96835700567918,21.8519863452648,35.6968285130692,444.024292025723,442,459,0,3.66642978669503,70,699.208925141979,4208427,-4.83178863293831,-25.597941477041,15.1087853841461,446.440388071374,24.2493425595418,58.72384103646,1457.37734630715,7.93358470602266,253.355960097085,4208427,9.24789710957156e-09,0,4,8,"THOA RIVER","NEAR INLET TO HILL ISLAND LAKE","CA",60.505001,-109.64889,8830,-999,1968,1995,28,5.988789458,1969,1992,24,2.120141343,1968,1995,28,"43.446","1.370113056","155.1656915",412484,10806.9064064026,-109.62503115,60.62472655,167584,"na",TRUE,502,1,20,1,4
4208477,362.844508561721,408.337666781326,244,960,68.7293274301801,59.8927315002668,8.83659592991331,61.2037745086343,7.52555292154575,0.027589101643036,11657.1941719055,85.280959895152,27.6441656684605,21.5708263716172,126.540145873801,370.795744169476,297,451,0,72.737388747766,30,280.868467998534,4208477,-2.74600096962042,-21.9487301966339,15.6154252854753,383.780765155568,15.7457448142852,60.6640074607468,1450.88022703962,8.38563598653188,251.322663853636,4208477,0.00032800556116319,0,4,8,"KAKISA RIVER","OUTLET OF KAKISA LAKE","CA",60.940277,-117.42167,15600,-999,1962,2017,56,42.41364017,1962,1990,29,3.216374269,1962,2017,56,"41.313","1.302846768","83.51581846",406315,11657.1941719055,-117.37502805,60.95805975,163733,"na",TRUE,529,1,20,1,4
4208890,379.464775256953,609.361323426073,204,960,75.4311556452171,73.385285126345,2.04587051887215,75.4311556452171,0,0,7140.60297012329,100,19.4711810423973,26.8866868352198,131.186225729829,554.963110891645,471.75,694,0,98.7929317595904,4.43278328232826,463.220473940066,4208890,-0.32831486058608,-19.446116616544,16.1669665296782,465.128604823777,16.3067386271153,92.6356250981557,1544.68169166897,16.403058602652,240.380761694122,4208890,0.000102362167194351,0,4,8,"MACKAY RIVER","NEAR FORT MACKAY","CA",57.210556,-111.69334,5570,-999,1972,2018,47,18.72696425,1972,1993,22,10.23622047,1972,2018,47,"13.462","0.424537632","76.21860539",474737,7140.60297012329,-111.79169695,57.20806125,200696,"na",TRUE,275,1,20,1,4
4208962,336.610934586895,319.650486882264,102,204,35.8671033484033,34.3764873955645,1.49061595283883,35.1832653171504,0.68383803125291,0.00292332438203407,11630.3805351257,100,22.0052044953595,31.1261253715651,181.306051990339,828.545513820982,674.25,925,0,47.1749773530456,0.22401967912254,409.029242068192,4208962,2.48586384408696,-11.0851517447532,15.3913898499229,524.435157003727,13.0028647878629,110.339784267232,1602.75376115983,24.1615737781239,233.64748098468,4208962,0.0785387777218491,0,4,8,"PEMBINA RIVER","JARVIE","CA",54.451389,-113.99167,13100,-999,1957,2018,62,2.146459012,1957,1993,37,3.669724771,1957,2018,62,"32.951","1.039142736","79.32387298",523318,11630.3805351257,-114.04169605,54.54139565,227133,"na",TRUE,528,1,20,1,4
4208987,47.0644567041126,136.025190405805,93,186,9.94411744018226,2.99105233916705,6.95306510101521,8.68144397364493,1.26267346653732,0.00633324828852447,8749.80665206909,69.9185255364513,9.92657422868709,21.1258314330035,56.174190022078,468.414316168917,436,509,0,45.3896046106466,30,698.164355717177,4208987,-2.3687255675105,-22.330805317434,16.1211284708847,494.312448576772,22.4705441173133,81.2585604209398,1508.88923363857,13.5010786665441,248.431203301365,4208987,2.56571231156938e-07,0,4,8,"MACFARLANE RIVER","OUTLET OF DAVY LAKE","CA",58.966667,-108.175,9120,-999,1967,2017,51,0,1967,1993,27,0,1967,2017,51,"52.757","1.663744752","182.4281526",441363,8749.80665206909,-108.12503175,59.04139385,183786,"na",TRUE,406,1,20,1,4
4213890,8.8448652573599,188.041628146288,186,186,30.3248236865853,15.6052432371988,14.7195804493866,25.9889039241292,4.33591976245613,0.0197818581383531,12138.7553787231,50,10.9783760162023,33.1154444828289,44.5654399640415,453.643057236297,420,481,0.000359972797181028,99.7031595560828,0,648.375651204243,4213890,2.64348303912523,-14.5797375506666,17.3401456009537,761.904022768108,22.3998550646661,102.873810284246,1739.99766069841,44.0450984540913,238.69353827322,4213890,-0.000380988825025613,0.0741426918922448,4,13,"NAMAKAN RIVER","OUTLET OF LAC LA CROIX","CA",48.383335,-92.17778,13400,-999,1921,2018,98,0.165912095,NA,NA,NA,NA,1921,2018,98,"107.635","3.39437736","253.3117433",637504,12138.7553787231,-92.29170475,48.29139815,290029,"na",TRUE,542,2,19,2,4
4213935,170.998968461374,235.486262962326,204,204,37.6662297907718,33.2738153278775,4.39241446289425,35.3994982401258,2.26673155064595,0.0194473654502034,5898.57444000244,94.6824617037253,14.8250419478123,24.2210693372652,54.6859748955798,514.031077443593,478,547,0,93.7470059685717,0,561.500739009476,4213935,0.607374957060649,-17.8378791460604,17.0070868488115,516.731366019132,21.009172808047,86.7332426014442,1614.34516486915,26.4900800684924,232.728055235457,4213935,0.000875660961935921,0,4,13,"TORCH RIVER","NEAR LOVE","CA",53.5875,-104.1611,4650,-999,1950,2017,68,21.19954427,NA,NA,NA,NA,1950,2017,68,"8.409","0.265186224","57.02929548",540145,5898.57444000244,-104.20836665,53.62472935,236845,"na",TRUE,151,1,19,1,4
4214400,7.97226727189609,184.931503148192,186,186,40.2451208328838,22.0526643184203,18.1924565144635,30.7599484247508,9.48517240813303,0.0953961766887878,5311.78439331055,50,9.78721347925023,18.1572504329354,11.5043074936778,411.843136176328,403,421,0,97.7021573079405,0,694.680336981256,4214400,0.758805853649207,-19.1578257399372,18.1673743386352,783.187183423651,26.5570161863658,106.666191664197,1650.6157548079,36.653971612795,227.880187738524,4214400,-0.000599666441681148,0,4,14,"CAT RIVER","BELOW WESLEYAN LAKE","CA",51.166668,-91.597221,5390,380,1970,2017,48,4.689480355,1970,1995,26,0,1970,2017,48,"48.051","1.515336336","281.1384668",584347,5311.78439331055,-91.62503835,51.20806365,262148,"na",TRUE,54,1,19,1,4
4214420,4.72135966787133,185.513907323026,186,186,47.8527550453502,41.8821158877126,5.97063915763763,47.8527550453502,0,0,5083.25866699219,50,10,15.481936896486,23.8320341245867,381.747333364372,366,402,0,98.9546394043577,0,700,4214420,-0.176651790798539,-20.2552104436173,17.5394187974378,787.247174940544,27.5462470752224,105.848850878487,1635.84204023958,35.2597212864195,229.400687439056,4214420,8.80348060046817e-07,0,4,14,"PIPESTONE RIVER","KARL LAKE","CA",52.580555,-90.188889,5960,275,1966,2016,51,0,1967,1995,29,0,1966,2016,51,"59.021","1.861286256","312.2963517",561579,5083.25866699219,-90.20837225,52.45806315,249158,"na",TRUE,20,1,19,1,4
4214430,0,186,186,186,58.5977776614894,55.4006937082299,3.19708395325951,58.5977776614894,0,0,5434.20137023926,50,10,16.0884261941457,17.6134299997329,306.268400150627,293.75,320.25,0,100,0.115589380609156,700,4214430,-0.709744574936225,-20.9335284741548,17.1083661502068,739.861525230426,25.6953119860414,99.3990846304113,1639.73628194719,34.8089722221455,233.711239871319,4214430,-0.000233684394238777,0,4,14,"PINEIMUTA RIVER","EYES LAKE","CA",52.308334,-88.754166,4900,275,1966,2016,51,10.1225824,1966,1994,29,0.589970501,1966,2016,51,"52.221","1.646841456","336.0900931",564635,5434.20137023926,-88.70837285,52.29139655,250893,"na",TRUE,78,1,20,1,4
4214470,41.1019073477636,148.689009341849,139.5,186,77.1595226184054,66.6080005433309,10.5515220750746,74.911549334101,2.24797328430446,0.0132104781997467,7843.57759094238,50,10,12.6556621032007,28.4079149913663,227.028775480858,203.25,247.75,0,41.7603487836415,28.3482464879227,700,4214470,-1.27947917152223,-21.8865537688913,16.9960606361743,662.274748102568,22.2313693414665,92.8900596720233,1607.6480981073,30.6379518327428,234.401861134814,4214470,-0.000927011370105763,0,4,14,"ASHEWEIG RIVER","STRAIGHT LAKE","CA",53.7167,-87.9444,7950,-999,1966,2016,51,9.429524695,NA,NA,NA,NA,1966,2016,51,"76.409","2.409634224","303.0986445",538822,7843.57759094238,-87.87503985,53.70806265,236162,"na",TRUE,348,1,20,1,4
4214490,4.86104030312523,185.571008564073,186,186,36.025854194055,26.3795810800383,9.6462731140167,36.0147632476343,0.0110909464206473,0,9656.99388122559,50.2482896406033,10,13.7110976578746,17.9424095062894,380.153323122242,368,391,0,99.0774377721995,0,700,4214490,0.459603905247915,-19.5311178309127,17.9378087625271,789.865949276201,27.9835156354755,105.656385422283,1645.03283745037,36.6960785994106,228.708441949833,4214490,-0.0029094539368307,0,4,14,"OTOSKWIN RIVER","BELOW BADESDAWA LAKE","CA",51.82,-89.6,9010,-999,1966,2016,51,24.21138654,NA,NA,NA,NA,1966,2016,51,"89.188","2.812632768","312.1678988",573737,9656.99388122559,-89.70837245,51.79139675,256147,"na",TRUE,457,1,19,1,4
4214507,10.0644654931162,184.332223012141,186,186,32.3656950546705,17.4045484449982,14.9611466096723,27.1570161660543,5.20867888861618,0.0229035472765295,11139.3519668579,50.5465231159924,9.88309275057569,28.4289578591911,39.2545160316685,412.500397936481,379.75,446.25,0,96.4133828218078,0,697.077318764392,4214507,0.313774651525779,-18.9331885458858,16.8995639558774,770.68839274524,26.9678174054422,103.354133653047,1686.59242645114,40.8560315856159,233.605783879386,4214507,-0.000369747341015576,0,4,14,"OGOKI RIVER","ABOVE WHITECLAY LAKE","CA",50.8667,-88.9306,11200,-999,1971,2018,48,2.46763754,NA,NA,NA,NA,1971,2018,48,"115.204","3.633073344","324.3815486",590456,11139.3519668579,-88.87503945,50.87473045,265574,"na",TRUE,510,1,19,1,4
4214560,266.482582550085,327.405478511346,204,244,75.55512524385,74.0829506501268,1.47217459372327,74.9841352764989,0.570989967351154,0,5573.16473388672,65.009133457502,19.9326755253389,17.1370930843824,84.2691471841979,193.623364253047,129.75,262.5,0,94.3268414637804,0.251126996830656,472.656234163997,4214560,0.212979032167027,-18.9373909416381,16.3832959431543,833.436146814989,36.76412388827,103.881806412491,1665.58077906665,40.9071269009718,235.972019466146,4214560,1.15362679555549e-06,0,4,14,"NORTH FRENCH RIVER","NEAR THE MOUTH","CA",51.083332,-80.76667,6680,15,1966,2017,52,0,1966,1996,31,0,1966,2017,52,"95.543","3.013044048","451.0544982",587515,5573.16473388672,-80.79170935,51.04139705,263976,"na",TRUE,99,1,19,1,4
4214690,263.595748624687,269.033401437393,240,240,69.8882896055495,66.6587358161627,3.22955378938675,69.8882896055495,0,0,7453.9744682312,60.0141657148545,13.1531495460386,19.3597513867812,44.3118336544958,205.839200815258,176,233,0,5.7538303926055,5,621.171261349035,4214690,-1.19391001653492,-20.4969144150131,15.2342420411434,818.00792569377,30.474079669953,109.675778514096,1611.16062524746,37.8443996815146,235.822869345348,4214690,-3.45182453853439e-05,0,4,14,"PONTAX, RIVIERE","PRES DE L'EMBOUCHURE","CA",51.5336,-78.0969,6090,-999,1975,2013,39,10.63230836,NA,NA,NA,NA,1975,2013,39,"99.06","3.12395616","512.9648867",578434,7453.9744682312,-78.04171045,51.54139685,258871,"na",TRUE,309,1,20,1,4
4351410,40.7348743378493,102.890779509701,58,116,0,0,0,0,0,0,12711.2306442261,100,19.9409714894484,47.243819401198,395.974438464353,997.492017756512,629,1338,0.000831774226571391,0,0,451.475712763791,4351410,19.8066897381889,10.1355052524727,28.2796410744234,431.743314310052,11.7705534060402,73.9655121425835,2574.29265542667,142.088541993959,271.265673000446,4351410,0.167318496503217,0,4,51,"SABINAS, RIO","SABINAS COAHUILA","MX",27.8417,-101.1125,12825,411,1937,2002,66,20.87331853,NA,NA,NA,NA,1937,2002,66,"10.89","0.34342704","26.77793684",1009552,12711.2306442261,-101.20836785,27.87473965,423831,"na",TRUE,553,3,5,3,2
4355310,29.6440060461917,153.51185629666,136.5,195,0.05125909709966,0,0.05125909709966,0,0.05125909709966,0,7426.52555084229,50,20,61.134902269097,489.743786413609,1675.24361875872,1291,2133.5,0,3.07177351355151,0,450,4355310,19.0473828246916,11.860631724864,25.8566309339821,791.101233362968,8.95415571002042,205.539668940193,2940.76522080007,160.858660847317,338.949671330379,4355310,-0.0264576090125217,0,4,55,"CHINIPAS","PALO DULCE","MX",27.0167,-108.4167,6439,366,1957,1987,31,7.384842611,NA,NA,NA,NA,1957,1987,31,"31.005","0.97777368","151.8517907",1023136,7426.52555084229,-108.45836495,27.12473995,425743,"na",TRUE,306,3,12,3,3
4355400,34.4893550096739,154.824000918381,136.5,182,0.24549721212229,0,0.24549721212229,0,0.24549721212229,0.00174354879286042,11345.7097091675,62.2344758527179,22.9774324485556,59.3811532589952,832.568791378361,1630.76176284012,907.5,2401,0,29.7913080920225,0,390.451351028887,4355400,17.9662005548534,12.2237433570547,23.165376663858,959.024066458856,8.64961859720581,250.96250177954,2927.04150122196,169.040263722142,334.806025997106,4355400,0.00262491610790621,0.255603225742393,4,55,"HUMAYA, RIO","PALOS BLANCOS","MX",24.925,-107.3819,11409,88,1938,1988,51,0,1976,1979,4,0,1938,1988,51,"41.903","1.321453008","115.8254894",1061124,11345.7097091675,-107.37503205,25.04140745,430589,"na",TRUE,519,3,13,3,3
4355500,43.5160965066643,155.604913608727,136.5,182,0.235524926184035,0,0.235524926184035,0.0168427535979329,0.218682172586102,0.00182048287587403,9239.53442382812,61.0776046791116,23.6013047160517,59.8738705020537,777.654463777757,1743.8591481111,1098.5,2450,0.000506475472627086,44.4108498794842,0,377.973905678967,4355500,18.2067536748797,13.0847388565955,22.7394152919462,1063.15011830748,8.69610845997027,266.433618146817,2910.00775919291,172.454297189615,327.141744663046,4355500,-0.00988657225673817,0.216461123283673,4,55,"SAN LORENZO","SANTA CRUZ","MX",24.4847,-106.9472,8919,18,1943,2002,60,6.157375545,1976,1982,7,0,1943,2002,60,"51.462","1.622905632","181.9604924",1070244,9239.53442382812,-106.87503225,24.54140765,431613,"na",TRUE,430,3,13,3,3
4362201,138.669011114852,176.411424525758,82,198,2.94903197656679,0.230146364514318,2.71888561205247,0.207974672788953,2.74105730377783,0.00520918498318429,38953.634185791,85.1977345723936,25.2230811850398,52.366592029293,662.470569562384,1020.92737724199,629,1315,2.17665026912181e-05,18.6597991184802,0,345.538376299204,4362201,22.6714227678942,20.1889150365066,24.6889209403314,1536.37937681297,15.383253176606,304.271717072961,2618.78787058265,181.763687306393,261.235938754969,4362201,0.343798969595023,2.28990187602412,4,62,"GRIJALVA","REFORMA","MX",17.9583,-93.1833,37702,18,1954,1985,32,3.135738832,1947,1981,35,6.904761905,1947,1985,39,"239.191","7.543127376","200.0723404",1190408,38953.634185791,-93.29170435,17.95807695,446280,"na",TRUE,719,4,4,4,1
5708130,47.7259959223762,114.836776684827,91,139.5,0,0,0,0,0,0,6094.11513519287,87.1723235548966,14.9310756443444,11.9059348868968,25.2233708614788,208.95962225115,187.75,227.75,0,0,0,579.425868868116,5708130,26.962213472155,20.7364770348252,31.1000053570007,928.644240085779,0,245.980059178871,3045.46727224036,217.758019363421,284.323019345474,5708130,0.00453335771237298,0,5,8,"DRY RIVER","MANBALLOO BOUNDARY","AU",-15.0857,132.4123,6290,26.25,1967,2008,42,8.234894773,1968,2001,34,64.08977556,1967,2008,42,"5.998","0.189152928","30.07200763",1124088,6094.11513519287,132.29154175,-15.20835265,5768,"au",TRUE,174,6,4,4,1
6233740,59.5488169985637,56.7121986468432,6.5,139.5,8.82025084861117,0,8.82025084861117,3.2750918014909,5.54515904712027,0.0287963485777265,7289.71925735474,55.1063541586467,12.9969159689315,47.6382971521484,174.251009023414,678.564887277255,556,784,0,0,26.8868642833546,610.065645179438,6233740,-1.24833850588875,-12.3133380837545,11.1939248578577,919.806362360489,42.3864379950338,116.330185351478,1067.62762070055,0.829001192185902,204.011473307134,6233740,-0.0015763537448405,4.84243614243239,6,33,"STORUMAN","STORUMAN","SE",65.08,17.1,6692.6,-999,1958,2018,61,1.645329968,1958,2018,61,1.648351648,1958,2018,61,"169.154","5.334440544","797.0654968",188581,7289.71925735474,17.04165065,65.12498825,23545,"eu",TRUE,294,1,20,1,4
6340610,144.757415710534,228.112441327876,132,264,1.73488097616409,0,1.73488097616409,1.50587893958477,0.22900203657932,0.00087178943314143,6986.29207992554,92.7576656132158,19.6597325795681,25.2236727510854,87.411447871894,119.392584565088,60,139,0.0137865054454637,52.5231145146109,0,460.027892343362,6340610,9.61274440477522,-0.11592174771904,19.3651720995691,664.061035129889,40.9205234784661,74.0708249281569,1394.22561418865,27.5553100806394,202.428203287766,6340610,0.316349582528298,0.114509956189597,6,40,"SPREE","GROSSE TRAENKE, WEHR UP","DE",52.368,13.997,6171,34.78,1959,2016,58,0.714594024,NA,NA,NA,NA,1959,2016,58,"14.274","0.450144864","72.94520564",341545,6986.29207992554,14.04165185,52.37499335,74878,"eu",TRUE,260,2,10,2,3
6457707,48.1574036265971,155.848866214723,132,186,0.432049505652059,0,0.432049505652059,0.369827897401225,0.0622216082508336,0.000399587636050027,5198.22631454468,82.843399104615,14.8707813376425,34.9811546022158,184.990370210038,310.919715422706,157,424,0.00537500865560504,41.1965602254292,0,578.230466558937,6457707,8.684918391758,-1.16175252912059,18.492615726178,968.814933395567,56.3656080381533,115.48028124079,1405.10410027986,28.8879273484948,201.251569675363,6457707,-0.478207193466718,0.0384746619131219,6,57,"BOBR","ZAGAN","PL",51.61805556,15.31583333,4255,91,1950,2017,68,0,1951,1990,40,0,1950,2017,68,"37.844","1.193448384","280.4814063",351561,5198.22631454468,15.37498465,51.54166035,80986,"eu",TRUE,41,2,10,2,3
6855470,374.246052809605,487.468964161077,186,960,8.73058968366127,0,8.73058968366127,4.53248572797744,4.19810395568384,0.0262178540723103,6051.42750167847,50,16.3414808731998,32.1799998260278,25.0160953634022,175.954758607739,157,195,0,93.0607602733093,0,525.635304614208,6855470,2.59088363850349,-10.1963506068919,16.6961286777158,738.627718416238,38.2027999720422,87.4291449984848,1282.89293501288,3.8429947870918,230.17293420405,6855470,0.0124413326514859,3.05712990775626,6,55,"KOITAJOKI","PAMILO","FI",62.80100361,30.42903528,6389,-999,1955,2017,63,0.008737058,NA,NA,NA,NA,1955,2017,63,"73.338","2.312787168","361.9951742",216741,6051.42750167847,30.37497865,62.79165585,33517,"eu",TRUE,165,2,20,2,4
